author,account_age_days,total_posts_sampled,ai_post_ratio,claude_post_ratio,subreddit_diversity,avg_score,posting_frequency
Ephoenix6,,,,,,,
Late_Doctor5817,,,,,,,
boomroom11,,,,,,,
Prestigious-Fan118,,,,,,,
mr-french-tickler,930.0,13.0,0.08,0.08,7.0,4965.8,0.1
cmaia1503,4.0,25.0,0.2,0.0,5.0,3167.4,25.0
Hrmbee,,,,,,,
lostlifon,1094.0,25.0,0.6,0.0,11.0,664.7,0.17
tekz,11.0,25.0,0.28,0.08,5.0,575.7,19.12
StraightedgexLiberal,9.0,25.0,0.16,0.0,4.0,179.0,21.57
deraser,7.0,25.0,0.16,0.0,6.0,2127.6,25.0
Pure_Perception7328,,,,,,,
spreadlove5683,,,,,,,
No_Vehicle7826,,,,,,,
Outside-Iron-8242,,,,,,,
National-Spell8326,,,,,,,
the_kuka,,,,,,,
Clear_Reserve_8089,,,,,,,
KvAk_AKPlaysYT,,,,,,,
Raton-Raton,,,,,,,
ihateredditors111111,,,,,,,
CelebrationFew1755,,,,,,,
Lyra-In-The-Flesh,,,,,,,
MetaKnowing,8.0,25.0,0.56,0.12,9.0,417.5,24.79
Nunki08,14.0,25.0,0.48,0.08,9.0,1120.5,13.42
MarvelsGrantMan136,242.0,25.0,0.04,0.0,14.0,8306.8,0.72
Tasty-Ad-3753,401.0,25.0,0.44,0.08,11.0,230.2,0.49
reddit20305,,,,,,,
cloudinasty,,,,,,,
nodating,958.0,25.0,0.28,0.0,11.0,224.9,0.42
ShotgunProxy,,,,,,,
lennyp4,1699.0,25.0,0.28,0.2,20.0,161.2,0.1
BuildwithVignesh,,,,,,,
naculalex,,,,,,,
Strong_Roll9764,30.0,25.0,0.08,0.04,7.0,117.6,7.93
cardogio,66.0,25.0,0.2,0.04,16.0,207.2,2.7
Kakachia777,497.0,25.0,0.72,0.16,14.0,324.1,0.36
_Motoma_,27.0,4.0,0.0,0.0,3.0,710.0,2.53
Kill_4209,,,,,,,
Deep_Tale1585,,,,,,,
Gil_berth,,,,,,,
cwil192,,,,,,,
itsnotatumour,,,,,,,
Rangizingo,258.0,25.0,0.2,0.12,4.0,424.2,0.68
ImaginaryRea1ity,,,,,,,
Independent-Ruin-376,213.0,25.0,0.44,0.0,8.0,102.6,0.87
iamnotdeadnuts,,,,,,,
QuantizedKi,,,,,,,
Virus-Tight,94.0,25.0,0.24,0.04,17.0,138.9,1.88
Dry_Steak30,,,,,,,
Specialist-Cause-161,39.0,3.0,0.67,0.33,3.0,836.0,0.68
iskifogl,752.0,25.0,0.16,0.08,10.0,101.6,0.24
Personal_Brilliant39,,,,,,,
wjd1991,,,,,,,
Exact_Pen_8973,9.0,25.0,0.92,0.4,3.0,32.9,23.32
Severe-Awareness829,,,,,,,
helk1d,406.0,7.0,1.0,0.0,6.0,718.4,0.14
ColdPlankton9273,17.0,25.0,0.44,0.36,11.0,113.4,10.75
g15mouse,318.0,25.0,0.4,0.12,15.0,132.2,0.72
JokeGold5455,,,,,,,
Ehsan1238,,,,,,,
Rare-Site,,,,,,,
cryingneko,,,,,,,
OkShip110,537.0,8.0,0.25,0.0,6.0,276.4,0.11
schabadoo,1469.0,25.0,0.2,0.0,15.0,146.7,0.12
Vegetable-Second3998,,,,,,,
spy16x,1057.0,25.0,0.04,0.0,14.0,25.1,0.19
slackmaster,437.0,25.0,0.16,0.04,14.0,650.9,0.4
Logical_Welder3467,,,,,,,
Consistent-Chart-594,236.0,3.0,0.33,0.33,2.0,695.7,0.12
GenLabsAI,,,,,,,
DependentNew4290,,,,,,,
NakamuraHwang,624.0,7.0,0.14,0.14,7.0,333.9,0.1
Cultural-Ad3996,,,,,,,
jammy-git,,,,,,,
Bohumil_Turek,3335.0,7.0,0.29,0.14,7.0,288.1,0.01
tabspaces,,,,,,,
l30,,,,,,,
ureshiidesuka,,,,,,,
Additional-One-7135,,,,,,,
comoma,,,,,,,
ShelZuuz,279.0,25.0,0.16,0.04,19.0,18.7,0.66
Bena0071,281.0,25.0,0.12,0.0,8.0,924.4,0.65
LovesWorkin,,,,,,,
fortune,578.0,25.0,0.28,0.0,18.0,2487.2,0.3
abhi9889420,,,,,,,
ClaudeOfficial,,,,,,,
Happysedits,,,,,,,
sergeykarayev,271.0,9.0,1.0,0.67,3.0,345.0,0.26
Jaded-Term-8614,,,,,,,
RoughEscape5623,,,,,,,
takenorinvalid,,,,,,,
